-- COMMENT ON COLUMN 테이블명.컬럼명 IS '주석내용';

COMMENT ON COLUMN TB_PUBLISHER.PUB_NO IS '출판사번호';
COMMENT ON COLUMN TB_PUBLISHER.PUB_NAME IS '출판사명';
COMMENT ON COLUMN TB_PUBLISHER.PHONE IS '출판사전화번호';


CREATE TABLE TB_PUBLISHER (
    PUB_NO NUMBER CONSTRAINT PUBLISHER_PK PRIMARY KEY, 
    PUB_NAME VARCHAR2(20) CONSTRAINT PUBLISHER_NN NOT NULL,
    PHONE VARCHAR2(20)
);

INSERT INTO TB_PUBLISHER
VALUES (1, '나무', '010-1111,2222');
INSERT INTO TB_PUBLISHER
VALUES (2, '산', '010-1234-5678');
INSERT INTO TB_PUBLISHER
VALUES (3, '바다', '010-1212-3434');

SELECT * FROM TB_PUBLISHER;

COMMENT ON COLUMN TB_BOOK.BK_NO IS '도서번호';
COMMENT ON COLUMN TB_BOOK.BK_TITLE IS '도서명';
COMMENT ON COLUMN TB_BOOK.BK_AUTHOR IS '저자명';
COMMENT ON COLUMN TB_BOOK.BK_PRICE IS '가격';
COMMENT ON COLUMN TB_BOOK.BK_PUB_NO IS '출판사번호';

-- 컬럼레벨일 경우
-- 컬럼명 자료형(크기) [CONSTRAINT 제약조건명] REFERENCES 참조할테이블명

-- 테이블레벨일 경우
-- [CONSTRAINT 제약조건명] FOREIGN KEY(컬럼명) REFERENCES 참조할테이블명

CREATE TABLE TB_BOOK (
    BK_NO NUMBER CONSTRAINT BOOK_PK PRIMARY KEY,
    BK_TITLE VARCHAR2(50) CONSTRAINT BOOK_NN_TITLE NOT NULL,
    BK_AUTHOR VARCHAR2(50) CONSTRAINT BOOK_NN_AUTHOR NOT NULL,
    BK_PRICE NUMBER,
    BK_PUB_NO NUMBER CONSTRAINT BOOK_FK REFERENCES TB_PUBLISHER ON DELETE CASCADE
);
INSERT INTO TB_BOOK
VALUES (1, '나무', '베르나르베르베르', 12000, 1);
INSERT INTO TB_BOOK
VALUES (2, '당신, 거기 있어줄래요?', '기욤뮈소', 11000, 2);
INSERT INTO TB_BOOK
VALUES (3, '한중록', '혜경궁 홍씨', 11500 ,3);
INSERT INTO TB_BOOK
VALUES (4, '불면의 이유', '길렌 스트로슨', 11500, 2);
INSERT INTO TB_BOOK
VALUES (5, '돈의속성', '김승호', 10000, 1);

SELECT * FROM TB_BOOK;
SELECT * FROM TB_PUBLISHER;
SELECT *
FROM TB_BOOK
JOIN TB_PUBLISHER ON (BK_PUB_NO = PUB_NO);

COMMENT ON COLUMN TB_MEMBER.MEMBER_NO IS '회원번호';
COMMENT ON COLUMN TB_MEMBER.MEMBER_ID IS '아이디';
COMMENT ON COLUMN TB_MEMBER.MEMBER_PWD IS '비밀번호';
COMMENT ON COLUMN TB_MEMBER.MEMBER_NAME IS '회원명';
COMMENT ON COLUMN TB_MEMBER.GENDER IS '성별';
COMMENT ON COLUMN TB_MEMBER.ADDRESS IS '주소';
COMMENT ON COLUMN TB_MEMBER.PHONE IS '연락처';
COMMENT ON COLUMN TB_MEMBER.STATUS IS '탈퇴여부';
COMMENT ON COLUMN TB_MEMBER.ENROLL_DATE IS '가입일';

CREATE TABLE TB_MEMBER (
    MEMBER_NO NUMBER CONSTRAINT MEMBER_PK PRIMARY KEY,
    MEMBER_ID VARCHAR2(20) CONSTRAINT MEMBER_UQ UNIQUE,
    MEMBER_PWD VARCHAR2(20) CONSTRAINT MEMBER_NN_PWD NOT NULL,
    MEMBER_NAME VARCHAR2(20) CONSTRAINT MEMBER_NN_NAME NOT NULL,
    GENDER CHAR(3) CONSTRAINT MEMBER_CK_GEN CHECK(GENDER IN ('남', '여')),
    ADDRESS VARCHAR2(50),
    PHONE VARCHAR2(15),
    STATUS CHAR(1) DEFAULT 'N' CONSTRAINT MEMBER_CK_STA CHECK(STATUS IN ('N', 'Y')),
    ENROLL_DATE DATE DEFAULT SYSDATE CONSTRAINT MEMBER_NN_EN NOT NULL
);

INSERT INTO TB_MEMBER
VALUES ( 1, 'ABC', 'A1234', '홍길동', '남', '서울시 강서구', '011-123-4567', 'N', '2018-12-23');
INSERT INTO TB_MEMBER(MEMBER_NO, MEMBER_ID, MEMBER_PWD, MEMBER_NAME, GENDER, ADDRESS, PHONE)
VALUES ( 2, 'DEF','B1234','신사임당', '여', '서울시 강남구', '010-1234-5678');
INSERT INTO TB_MEMBER
VALUES (3, 'GHI', 'C1234','유관순', '여', '서울시 서초구', '010-1111-2222', 'N', '2019-02-11');
INSERT INTO TB_MEMBER (MEMBER_NO, MEMBER_ID, MEMBER_PWD, MEMBER_NAME, GENDER)
VALUES (4, 'JKL', 'D1234', '명성황후', '여');
INSERT INTO TB_MEMBER
VALUES (5, 'MNO', 'E1234', '세종대왕', '남', '서울시 강동구', '010-1212-3434', 'Y', '2020-01-22');
SELECT * FROM TB_MEMBER;

COMMENT ON COLUMN TB_RENT.RENT_NO IS '대여번호';
COMMENT ON COLUMN TB_RENT.RENT_MEM_NO IS '대여회원번호';
COMMENT ON COLUMN TB_RENT.RENT_BOOK_NO IS '대여도서번호';
COMMENT ON COLUMN TB_RENT.RENT_DATE IS '대여일';

-- 컬럼레벨일 경우
-- 컬럼명 자료형(크기) [CONSTRAINT 제약조건명] REFERENCES 참조할테이블명

-- 테이블레벨일 경우
-- [CONSTRAINT 제약조건명] FOREIGN KEY(컬럼명) REFERENCES 참조할테이블명

CREATE TABLE TB_RENT(
    RENT_NO NUMBER CONSTRAINT RENT_PK PRIMARY KEY,
    RENT_MEM_NO NUMBER CONSTRAINT RENT_FK_MEM REFERENCES TB_MEMBER ON DELETE SET NULL,
    RENT_BOOK_NO NUMBER CONSTRAINT RENT_FK_BOOK REFERENCES TB_BOOK ON DELETE SET NULL,
    RENT_DATE DATE DEFAULT SYSDATE
);


SELECT * FROM TB_BOOK;
SELECT * FROM TB_MEMBER;

SELECT * 
FROM TB_BOOK, TB_PUBLISHER
WHERE BK_PUB_NO = PUB_NO; 

INSERT INTO TB_RENT
VALUES(1,2,3,'2020-01-17');
INSERT INTO TB_RENT
VALUES(2,1,4,'2019-12-31');
INSERT INTO TB_RENT
VALUES(3,5,1, '2020-06-22');

INSERT INTO TB_RENT VALUES (4,3,2,DEFAULT);
SELECT* FROM TB_RENT;

SELECT RENT_NO, MEMBER_NAME, BK_TITLE
FROM TB_RENT
JOIN TB_BOOK ON (BK_NO = RENT_BOOK_NO)
JOIN TB_MEMBER ON (MEMBER_NO = RENT_MEM_NO)
ORDER BY RENT_NO;

-- 2번 도서를 대여한 회원의 이름, 아이디, 대여일, 반납예정일 ( 대여일 + 7) 조회
SELECT MEMBER_NAME 이름, MEMBER_ID 아이디,RENT_DATE 대여일, RENT_DATE + 7 반납예정일
FROM TB_MEMBER
JOIN TB_RENT ON(RENT_MEM_NO = MEMBER_NO)
WHERE RENT_BOOK_NO = 2;

SELECT BK_TITLE, PUB_NAME, RENT_DATE, RENT_DATE + 7
FROM TB_RENT
JOIN TB_BOOK ON (RENT_BOOK_NO = BK_NO)
JOIN TB_PUBLISHER ON (BK_PUB_NO = PUB_NO)
WHERE RENT_MEM_NO = 1;